Student_ID,Last_Name,First_Name,Book_ID,Book_Title,Report_Submitted
1118,Gunnell,Galen,43,Devil In The Castle,NO
1453,Balderas,Britteny,52,Challenges of Life,NO
2322,Swearngin,Gearldine,64,Alive In My Dreams,NO
2832,Helwig,Lurlene,61,Vanished Following Me,NO
3077,Searles,Shirley,73,Monks of the Future,NO
3080,Schuch,Enrique,68,Horse In The Castle,NO
3253,Rhone,Keiko,12,Priests Of Utopia,NO
3426,Glance,Ophelia,100,Cautious Of The Elements,NO
4172,Amor,Sonya,27,Nation Of The Forest,NO
4721,Sundstrom,Elaine,30,Fortune Of Despair,NO
5029,Molinaro,Marilou,66,Alive In My Past,NO
5737,Favero,Lorrie,14,Creators And Robots,NO
5741,Braud,Melaine,44,Child Behind You,NO
5754,Hufnagel,Levi,77,Skeletons And Fish,NO
7905,Lopp,Romaine,83,Songs In My Dreams,NO
8776,Houseknecht,Jannet,6,Medic Of The World,NO
8921,Huddleston,Francesco,55,Neighbors And Owls,NO
9292,Bertram,Dot,19,Rebels And Phantoms,NO
9871,Branstetter,Lucius,75,Dogs And Zombies,NO
