Student_ID,Last_Name,First_Name
1113,Pennypacker,Phuong
1118,Gunnell,Galen
1453,Balderas,Britteny
2322,Swearngin,Gearldine
2832,Helwig,Lurlene
3077,Searles,Shirley
3080,Schuch,Enrique
3253,Rhone,Keiko
3426,Glance,Ophelia
3508,Brooke,Jane
4172,Amor,Sonya
4186,Westlake,Soon
4721,Sundstrom,Elaine
5029,Molinaro,Marilou
5737,Favero,Lorrie
5741,Braud,Melaine
5754,Hufnagel,Levi
6200,Solari,Marcene
7046,Blodgett,Cletus
7905,Lopp,Romaine
7918,Service,Chet
8112,Latham,Janessa
8697,Tworek,Scarlett
8776,Houseknecht,Jannet
8898,Tilford,Theo
8921,Huddleston,Francesco
9118,Widener,Celina
9292,Bertram,Dot
9689,Pettiway,Aurelia
9871,Branstetter,Lucius